{"mtx": [[2103.0137285540945, 0.0, 1260.304946335824], [0.0, 2103.079095768553, 902.9819077740094], [0.0, 0.0, 1.0]], "dist": [[-0.22345404874027833, 0.38813965605221123, 0.0015889741490136393, -0.0021646591856363975, -0.5258449143973919]], "rvecs": [[[0.6686555125681811], [-0.7665583232744374], [-1.4254371756128468]], [[0.08339150890649982], [-0.9103116267584002], [-1.4486674195065614]], [[0.5371149335607158], [-0.5453678082723739], [-1.508688470206897]], [[0.5854352508639596], [0.510580599889536], [-1.5277433421908013]], [[-0.4862841403938881], [0.865430756929915], [-1.3456367646980028]], [[0.1998011775292943], [0.1797877487395396], [-1.5947033793026268]], [[-0.6724458333744184], [1.02151962268563], [-1.2568171763173985]], [[0.5696740016214501], [0.5830041454849527], [-1.4996033011975336]], [[0.20052733015763646], [0.2272398835805808], [-1.5583039420534632]], [[-0.21547616404557002], [-0.2550699968611555], [-1.522128349829921]], [[0.541402200378095], [-0.10643062975788097], [-1.5877526139024227]], [[0.5583412582703858], [-0.6324607722352713], [-1.4105161557054215]]], "tvecs": [[[0.46208814940606174], [1.667931713058015], [13.847556324292494]], [[-0.5638862044135968], [0.3674265353249265], [12.712117804959867]], [[-0.32975855061128534], [1.7237225975381163], [11.436493577023148]], [[-4.680431342879539], [2.454508855881787], [18.822307562946083]], [[-1.8945259044726714], [0.23050576338970735], [20.883443187892848]], [[-3.60954550770097], [1.05861386394443], [17.163254848940383]], [[-0.6366720945336872], [-0.6477731508546317], [25.1845770535456]], [[-3.37539092420868], [1.758743430876673], [16.358243258282766]], [[-3.083824272524299], [1.834310813687881], [14.530272307523727]], [[-2.905967456371172], [0.3270330330233674], [13.6010983495523]], [[-1.5107875240775164], [1.9999273981791192], [12.757185708796683]], [[-0.6542268236461191], [0.332696045129839], [12.984377617330223]]]}