{"mtx": [[3030.0369043778037, 0.0, 2012.8712702172775], [0.0, 3028.9715398370035, 1469.6659138059988], [0.0, 0.0, 1.0]], "dist": [[-0.016694520224445578, 0.06325044179603391, 0.001039051176082028, -0.002973517033439157, -0.18295119121883846]], "rvecs": [[[0.11166323690994047], [-0.12050112380328099], [-1.5756519830255653]], [[0.38356841034967115], [0.09050083399662943], [-1.614049976050628]], [[-0.011381550164470464], [0.003860922427389905], [-1.3527635402208464]], [[0.1866446272592043], [-0.18802877595042727], [-1.5080383594585973]], [[-0.03081636077001151], [0.017654687640061027], [-1.5784273642078976]], [[0.7013173859213933], [-0.7114933401935576], [-1.4579109143913596]], [[-0.07431742536140357], [0.07298907017087837], [-1.5746088442847526]], [[-0.1366649036756638], [0.5442518472924291], [-1.4922833632269277]]], "tvecs": [[[-4.724240260869886], [3.3275839488504526], [15.29568468977589]], [[-3.517957358410307], [3.3138967093842613], [11.841392093104362]], [[-4.478183404052466], [1.433994233310172], [10.673950822425871]], [[-3.8047268715884113], [1.8881909771703536], [8.88884818358556]], [[-2.344387819612804], [3.9725893125081027], [15.552743412548638]], [[-1.8847442177397766], [2.2765550984288985], [9.140282428572709]], [[-4.709583715818659], [2.3532563260890336], [11.479351640078622]], [[-5.81346672310827], [2.1330116125013374], [13.889907588587548]]]}